Number,Valid from,Valid to
2501-102-3,06/01/2025,06/01/2029
2503-113-1,03/03/2025,03/03/2029
2503-112-3,03/03/2025,03/03/2029
2403-108-2,10/03/2024,10/03/2028
2403-107-1,01/03/2024,10/03/2028
2503-110-3,03/03/2025,03/03/2029
2606-117-3,29/06/2026,29/06/2030
2501-103-3,06/01/2025,06/01/2029
2404-114-2,02/04/2024,02/04/2028
2502-107-3,04/02/2025,04/02/2029
2312-131-3,28/11/2023,28/11/2027
2504-115-2,28/04/2025,28/04/2029
2507-120-3,26/07/2025,26/07/2029
2412-133-1,02/12/2024,02/12/2028
2305-110-3,02/05/2023,02/05/2027
